{
    "T": 0.5063441319418522,
    "delta_t0": 0.8454186749438344,
    "w": -1.7930866843837938
}