{
    "T": 0.4563441319418522,
    "delta_t0": 0.9154186749438344,
    "w": -1.7930866843837938
}